doc_id,prompt_id,source,author,predicted_author,llm_probability,correct,excerpt
r2r_000_path4668_human,r2r_000_path4668,r2r,human,human,0.01194216045136493,True,"Turn around and exit out the door to the far right of the bed. Once out, Walk down the hallway. Once you get to where the hallway opens up, turn left and walk past the stairs. Stop looking into the next door to your left facing the sitting room."
r2r_001_path4480_human,r2r_001_path4480,r2r,human,human,0.010922700651090756,True,Exit the bedroom to the door on the far left. Continue forward and wait near the top of the stairs.
r2r_002_path4836_human,r2r_002_path4836,r2r,human,human,0.0019050648072981898,True,Walk into the hall from bedroom and turn right. Walk to the end of the hall down the stairs and stop on the first landing.
r2r_003_path6576_human,r2r_003_path6576,r2r,human,human,0.003951781818485286,True,Exit the craft room and make a left. Go past the stairs that go downstairs and head towards the front door. Enter the formal living room and then pass into the dining room. Stop just before reaching the table and wait.
r2r_004_path3806_human,r2r_004_path3806,r2r,human,human,0.0002803991443339716,True,"Go up the stairs, stop two steps to the top."
r2r_005_path239_human,r2r_005_path239,r2r,human,human,0.08893254073348833,True,Face the walkway with a kitchen counter with bar stools on the right and large windows on the other side and walk past them towards a large dining table Turn to the sitting area and stop.
r2r_006_path6109_human,r2r_006_path6109,r2r,human,human,0.008623894523456143,True,Exit the shower and walk through the door to the right of the sink. Turn left and then left again at the pool table. Wait in the doorway to the bedroom.
r2r_007_path7003_human,r2r_007_path7003,r2r,human,human,0.0007355922450468623,True,Walk out of the closet and walk across the hall to the left of the animal pictures. Walk into the hallway past the sculpture on the table and into the bedroom next to the chair and stop.
r2r_008_path21_human,r2r_008_path21,r2r,human,human,0.004404951208463493,True,Walk up the flight of stairs to the top. Turn and follow the railing into the bedroom area. Walk towards the closet.
r2r_009_path6793_human,r2r_009_path6793,r2r,human,human,0.004635658676484204,True,Walk past the bed to exit the bedroom and turn hard right. Stop in the bathroom by the shower.
r2r_010_path2573_human,r2r_010_path2573,r2r,human,human,5.897370655769911e-05,True,"Turn left and follow the rope. At the end of the rope turn right and follow the rope to the left. Once you enter that room, stop right before the table in the middle."
r2r_011_path1636_human,r2r_011_path1636,r2r,human,human,0.00999483064468671,True,Leave the room and make a right in the hallway then walk to the end of the hall. Make a left and wait at the beginning of the hall behind the red chair.
r2r_012_path745_human,r2r_012_path745,r2r,human,human,0.005591725956827586,True,Leave the room and go past the table with the purple chairs. Once past the table go up the stairs and stop at the top of the stairs in the kitchen.
r2r_013_path6622_human,r2r_013_path6622,r2r,human,human,0.0006809197923835483,True,GO STRAIGHT AND TURN RIGHT.
r2r_014_path6783_human,r2r_014_path6783,r2r,human,human,0.002058174884997896,True,Walk past the chair and turn right. Stop behind the white chair.
r2r_015_path152_human,r2r_015_path152,r2r,human,human,0.010981924348607468,True,"Walk inside the building and go straight, pass two doors turn left into the bedroom."
r2r_016_path1804_human,r2r_016_path1804,r2r,human,human,0.23471159099952832,True,Walk around the hot tun and enter the first door past it. In the house take a right into the are with the bed. Stop next to the window before you reach the rug.
r2r_017_path1254_human,r2r_017_path1254,r2r,human,human,0.02272833477915025,True,Go towards the Christmas trees ahead.Turn left and go out the door on the left. Then go through the door on the right. Follow the rug to the top of the stairs. Take a left and go into the room with the mirror above the desk.
r2r_018_path3976_human,r2r_018_path3976,r2r,human,human,0.015297026095125921,True,"Exit the room and turn right into the bedroom. Walk through the room, past the painting of the girl, and go outside. Stop near the chairs on the deck."
r2r_019_path1191_human,r2r_019_path1191,r2r,human,human,3.406065145682389e-05,True,Facing the pool walk to your right and go to the end. Go through the gate and stop on the inside of the gate.
r2r_020_path6595_human,r2r_020_path6595,r2r,human,human,2.6138758265229197e-05,True,Go to the other side of the dining table. Go to the sink in the kitchen. Go to the table beside the couch and stand there.
r2r_021_path3561_human,r2r_021_path3561,r2r,human,human,0.010592712742608625,True,"Walk out of the room and take a right into the great, open area. Go down the stairs to the landing. Stop at the top of the landing."
r2r_022_path439_human,r2r_022_path439,r2r,human,human,0.0008049945713569271,True,Walk past the dining table along the granite counter top. Walk through the kitchen past the sink and towards the outdoor patio and stop near the outdoor sofas.
r2r_023_path1827_human,r2r_023_path1827,r2r,human,human,8.074577042339988e-06,True,Take a left and take a right at the doll hutch. Walk into the bedroom and take a left. Walk into the bathroom and wait in front of the sink.
r2r_024_path3014_human,r2r_024_path3014,r2r,human,human,0.020773420465776783,True,"Walk out of the bedroom and into the living room, then walk straight until you get to the dining area and wait."
r2r_025_path1204_human,r2r_025_path1204,r2r,human,human,0.006008680456900952,True,Turn around and go down the hallway. Turn to the right at the end of the hallway. Stop by the water cooler. Wait there.
r2r_026_path3835_human,r2r_026_path3835,r2r,human,human,0.047351475622397506,True,Leave the bathroom and walk down the hallway past the two chairs. Turn left after passing the second chair and stop in the doorway of the bedroom.
r2r_027_path2598_human,r2r_027_path2598,r2r,human,human,0.00018698234093665302,True,Go straight into the kitchen and then turn left. Go straight until you get to the round table with chairs that has a horse statue on it and wait there.
r2r_028_path1620_human,r2r_028_path1620,r2r,human,human,0.03341607918396141,True,Walk all the way up both the stairs to reach the top of the stairs. Turn right towards the very first corner and stop right there.
r2r_029_path4170_human,r2r_029_path4170,r2r,human,human,0.0039891619900536135,True,"Go up the stairs to the top level. Then go to the bedroom on the left, and enter the walk in closet."
r2r_030_path561_human,r2r_030_path561,r2r,human,human,0.009308841144327224,True,Turn around 180 degrees and go down the hallway. Take the first doorway on the right and walk into the bathroom. Stop just inside the door.
r2r_031_path2854_human,r2r_031_path2854,r2r,human,human,0.006934763425290933,True,Exit the bedroom and walk through double doors at the other end of the living room. Wait in the doorway next to the elephant picture.
r2r_032_path5822_human,r2r_032_path5822,r2r,human,human,0.002087999135680976,True,Walk past the table and chairs. Turn slightly left and continue straight into the kitchen. Wait there.
r2r_033_path839_human,r2r_033_path839,r2r,human,human,0.025049421725149762,True,Leave the bathroom and take a right in the bedroom into the office. In the office stop in front of the desk closest to the trash bin.
r2r_034_path3232_human,r2r_034_path3232,r2r,human,human,0.0016863060347961827,True,Go straight then go right and go down the stairs. Go down twelve steps then stop.
r2r_035_path6162_human,r2r_035_path6162,r2r,human,human,0.0014712005793659619,True,Walk out of the bedroom and past the bathroom and turn left. Walk down the stairs and stop on the fourth step from the bottom.
r2r_036_path1080_human,r2r_036_path1080,r2r,human,human,0.0016164278416086974,True,From the top of the stairs make a right and walk through the entryway then make a left and go down the hall. Walk to the room at the end of the hall and wait.
r2r_037_path5773_human,r2r_037_path5773,r2r,human,human,7.653536882895e-06,True,Walk to the left of the table and chairs. Walk toward the dining room table and chairs and stop.
r2r_038_path1842_human,r2r_038_path1842,r2r,human,human,0.0003025477476289014,True,Walk into the room and take a left. Walk forward out of the kitchen and heading into the living room. Once you pass the dining table take a right and walk up the stairs. Stop once you are at the top of the stairs.
r2r_039_path4778_human,r2r_039_path4778,r2r,human,human,0.008951353642575526,True,Turn right and walk down the hallway and enter the living room. Then walk by the front doors and stop on the first set of stairs.
r2r_040_path3850_human,r2r_040_path3850,r2r,human,human,0.0014275470993054035,True,"Go into the hall, up the steps and wait by the piano."
r2r_041_path7078_human,r2r_041_path7078,r2r,human,human,0.002865973131623209,True,Walk forward right of the stair well and left of the sitting area with the TV. Make a right 45 degree turn at the column and walk to the table in the corner.
r2r_042_path6642_human,r2r_042_path6642,r2r,human,human,0.0002375817559854879,True,"Walk through the hallway that has the ottoman on your left. Walk past the pool table, and walk through the doorway straight in front of it.Stop right after you pass through the doorway."
r2r_043_path852_human,r2r_043_path852,r2r,human,human,0.19458241794993988,True,turn right enter bedroom go straight then then take left to exit room go straight then stand opposite to mirror.
r2r_044_path31_human,r2r_044_path31,r2r,human,human,0.13302742773384915,True,Exit the bedroom. Go down the stairs. Keep walking straight passing the television on the right and stop at the door.
r2r_045_path549_human,r2r_045_path549,r2r,human,human,0.016271319844014056,True,Move forward to the wall adjacent to the doorway. Turn to face the doorway. Move through the door way toward the stairs. Keep moving until you are on the second step of the stairs and then stop.
r2r_046_path5429_human,r2r_046_path5429,r2r,human,human,0.00038079585722640923,True,"Continue down the stairs and turn let. Walk through the entrance ahead, into the bedroom. Walk past the bed and lounge chairs and start down the stairs ahead. Walk halfway down the stairs."
r2r_047_path5529_human,r2r_047_path5529,r2r,human,human,0.0858480172116883,True,Exit the bathroom. Keep going straight through the first arched entry way. Turn left as you get to the mirror located on the right hand wall. Continue walking until you reach the double doors made of glass.
r2r_048_path3210_human,r2r_048_path3210,r2r,human,human,0.0001386924949435269,True,Exit the closet and go through the doorway on your left. Enter the bedroom then walk to the double doors on your right. Walk down the hallway to your right and stop under the archway behind the blue chair.
r2r_049_path4198_human,r2r_049_path4198,r2r,human,human,4.5837962952349094e-05,True,Turn around and cross through the purple chairs. Turn left and stop by the box.
r2r_050_path5316_human,r2r_050_path5316,r2r,human,human,0.009953584621245879,True,Go straight down the hallway. Turn left and wait near the beds.
r2r_051_path6476_human,r2r_051_path6476,r2r,human,human,0.005502900792002259,True,"With the wood floored room to your rear, exit and turn left, then enter the next room to your right. Continue forward, then enter the kitchen area to your left, passing though to the opposite side of the kitchen. There, you'll see two doors. One leading to the dining room and the other leading to the laundry room. Enter the laundry room."
r2r_052_path2125_human,r2r_052_path2125,r2r,human,human,0.007314405831931801,True,"Walk behind the sofa, toward the bar. Turn left toward toward the pool table and stop near the round, grey chair."
r2r_053_path7252_human,r2r_053_path7252,r2r,human,human,0.0032133268746720707,True,Go to the red carpet. Go down the hall with two fire extinguishers on the left side. Go up the three white stairs. Go up the staircase on the right. Stop at the bottom of the next staircase.
r2r_054_path2472_human,r2r_054_path2472,r2r,human,human,0.00030055460189697315,True,"Go down the hallway, passed the stairs on the right and into the doorway on the right and take a step in and stop."
r2r_055_path2600_human,r2r_055_path2600,r2r,human,human,0.00352445992083123,True,Turn left and then turn right. When you reach small rug on the floor turn left. Walk outside and wait next the black rug.
r2r_056_path4012_human,r2r_056_path4012,r2r,human,human,6.589497357046368e-05,True,"Walk straight down the hallway until you get to the room with the high ceiling. Turn ninety degrees to your right. There is a large couch and a fireplace in front of you. Walk between the couch and the fireplace. You will pass a ficus plant on your right. When you reach the hallway on your right, turn so that you are looking down the hallway. Enter the hallway, and"
r2r_057_path6147_human,r2r_057_path6147,r2r,human,human,0.007260584962757796,True,Enter the house through the glass doors. Continue straight and pass the two chairs against the wall. Exit through the door. Wait by red statue.
r2r_058_path3023_human,r2r_058_path3023,r2r,human,human,0.008903200659646376,True,"Walk out of the door to the bedroom, turn right, walk down the hall, turn right again into the bedroom with the twin beds, turn left, and wait in front of the bathroom."
r2r_059_path4808_human,r2r_059_path4808,r2r,human,human,0.004190456252009073,True,"Enter the house through the door with the Welcome mat. Go up the stairs on the left. When faced with two directions of steps, turn left. Go up the first set of steps and wait by the window."
r2r_060_path1248_human,r2r_060_path1248,r2r,human,human,0.02125886720301056,True,Walk down the walkway and enter the second door on the right. Wait inside the bedroom by the chair.
r2r_061_path2886_human,r2r_061_path2886,r2r,human,human,0.00035318578013760686,True,"Walk through a door and through the exercise area, and out the door. Wait in the hallway."
r2r_062_path6012_human,r2r_062_path6012,r2r,human,human,0.00031857639572393235,True,Walk out of the closet and through the bathroom. Turn left and walk down the hallway past the fireplace. Turn right past the plants and stop by the chair.
r2r_063_path3045_human,r2r_063_path3045,r2r,human,human,0.0007692855810806706,True,Turn right. Walk in front of the windows all the way down to the door on the right. Exit through the door into the hallway. Turn left and enter the bathroom. Stop in front of the bathtub.
r2r_064_path6372_human,r2r_064_path6372,r2r,human,human,0.0009645618643519139,True,Walk straight down the hallway past the three paintings (on the left) and the thermostat (on the right). Continue walking until you enter through the door and is being greeted by a picture of the French alps. Simply turn left at the picture and you have arrived at your destination.
r2r_065_path5465_human,r2r_065_path5465,r2r,human,human,0.00035021332483456017,True,"Exit the kitchen and wait in the sitting area, between the sofas."
r2r_066_path4107_human,r2r_066_path4107,r2r,human,llm,0.612899183591436,False,"To through the gate and left inside the open door, continue on to the first entrance on the right, down the hallway until you see a bathroom turn left, then turn to the right and stop in the doorway of the bedroom."
r2r_067_path3592_human,r2r_067_path3592,r2r,human,human,0.001618789115074712,True,Turn left. go down the hallway and wait under the exit sign.
r2r_068_path6679_human,r2r_068_path6679,r2r,human,human,0.00011932656610866283,True,"With a glass wall to your immediate left and another one ahead of you, walk forward and turn right down the hallway. Pass by three doors on your right, then pass by a door on your left. Veer slightly right and stop in front of a set of double doors to your left and even with the jam of a single door in front of you."
r2r_069_path6604_human,r2r_069_path6604,r2r,human,human,0.01903266501562057,True,"Move forward through the door and then turn left. Head down the hallway, walk through the into the living room at the end of the hall and stop just inside the room."
r2r_070_path3659_human,r2r_070_path3659,r2r,human,human,0.002743782435419436,True,Walk along the patio. Stan behind the table at the end and stop.
r2r_071_path4191_human,r2r_071_path4191,r2r,human,human,0.0014993263362072747,True,Walk up the stairs. Turn left and walk through the doorway. Turn right and walk past the chair. Walk between the chair and sofa towards the outside door. Step outside. Wait by the table and chairs outside.
r2r_072_path6554_human,r2r_072_path6554,r2r,human,human,0.001977597000957133,True,Walk left down the hall. Walk to the end of the hall and go right. walk past the small refrigerator and in the hall. Stop just outside the door.
r2r_073_path2593_human,r2r_073_path2593,r2r,human,human,0.005977195492686581,True,Go out of the room with the blue walls to the main large room and to the colorful stairs. Wait about five stairs up.
r2r_074_path103_human,r2r_074_path103,r2r,human,human,0.005218587641777044,True,"Turn around, go up stairs. You'll be in the kitchen. Turn right, go past the table. Veer right and go past the bar table and then stop. Wait there."
r2r_075_path6875_human,r2r_075_path6875,r2r,human,human,6.12229760045598e-07,True,Exit the closet and go to the right. Enter the door and go to the left and go to the end and stop.
r2r_076_path4245_human,r2r_076_path4245,r2r,human,human,0.0010348668884064187,True,Walk along the insulated bare walls towards the window ahead in the next room. Walk through the unfinished room and through the door on the other side of the room that leads to a finished hallway. Walk into the first open door in the hall that leads to a bedroom with photo art on the wall near the entrance of classic black and white scenes.
r2r_077_path7257_human,r2r_077_path7257,r2r,human,human,0.004717501773197129,True,Exit the tub and go past the foot of the bed. Stand in the entrance of the door to your left.
r2r_078_path2762_human,r2r_078_path2762,r2r,human,human,0.004227568043455877,True,"Walk through the doorway, turn left and stop in front of the marble counter."
r2r_079_path3229_human,r2r_079_path3229,r2r,human,human,0.002155127029931704,True,Walk past the glass desk and exit the room into the hallway. Turn left and walk to the staircase. Stop in the middle of the bottom landing.
wp_000_human,wp_000,writingprompts,human,human,0.4321584660435059,True,"“ Mommy, I ’ m scared. ” The little girl stood at the top of the stairs, holding her blankie. “ It ’ s okay, baby. Just go back to your room. I ’ ll be up in a minute. ” I watched her turn around and go back before I resumed boarding up the front door. They were everywhere now. It was everyone for themselves and I had to"
wp_001_human,wp_001,writingprompts,human,human,0.00014746259829955923,True,"`` Were n't you suppose to take that blow?'' I looked at this irritating woman incredulously. Was she serious? `` It is good fortune you did n't, but I thought that Xavier Longwood would have protected Kane even if his men had abandoned him.'' `` So you know of me?'' I could n't help but respond. I looked at the trio of misfits who had accompanied this women into the"
wp_002_human,wp_002,writingprompts,human,human,0.00019626199497383318,True,"Manhunt 1-2-3. *A game that was actually banned in my primary school due to people having a weird idea that it was connected to some murder... thing. Was weird. * *Basically, it was a game of tic, or as Americans call it, tag, except that anyone you tagged became a Hunter. To make it balanced, you had to hold your finger on someone and say'Manhunt, 1, 2, 3' clearly and"
wp_003_human,wp_003,writingprompts,human,human,5.667196268633946e-06,True,"`` Hey!'' I shouted. `` I'm not insane, you ca n't keep me in here!'' The door resisted my attempts to knock it over. My thin coat proudly proclaimed'Pizza World!' across my back. It was new, I had only had the job a few months. Just enough to make a little money to go to a community college. It itched, and I had always hated it, but it was money."
wp_004_human,wp_004,writingprompts,human,human,0.12702696494731486,True,"I dropped the marker in shock, staring at the board in wonder. 15 years... I looked at the mathematical solution written in electronic ink. The problem that had consumed me since I got my masters. I stepped back and stared at the board, as it cycled through the pages of mathematical insanity. I had finally proven the existence of a God. I had done it. I quickly began printing the"
wp_005_human,wp_005,writingprompts,human,human,0.07102984024694806,True,"I look up from my laptop after a 3-hour study-binge. 3:46am. Eyes still raw from hours of straining, I see something out of the corner of my eye. This is n't out of the ordinary, so I ignore it. Slowly I rise from my chair in to a full-on, bone-crackling, almost orgasmic stretch. A couple squints and my vision focuses on a small envelope sitting in the middle of my"
wp_006_human,wp_006,writingprompts,human,human,0.00042021324264421,True,It was a long day. I wish I had a million dollars. Denied. I wish Daddy would come back home safe. Granted. I wish Tim would fucking die. Who is this Tim? This stupid machine never gives me any context. Tim could be the next Hitler for all I know. But I'm not into killing people. Denied. I wish I could pay this month's rent. Granted. I wish Mommy was
wp_007_human,wp_007,writingprompts,human,llm,0.5300578834603389,False,"I am a cruel human. I have committed unspeakable acts against all that is pure and if I should die for it, then I accept my fate. For there is no undoing of the things I've done. A door shuts behind me. I'm in a different room now and I've been sat in a chair that is cold to the touch. I shiver alone, sitting there in silence and reflecting"
wp_008_human,wp_008,writingprompts,human,human,0.007093267710709723,True,"`` It's not your fault. You could n't have known.'' Those were the last words of the woman I called my enemy. The last words she said before she pulled the trigger, staining her red hair a deeper shade of red. I stared out of the window of the highrise building that held her office. Outside the building the fires burned, the people screamed, and the world called my name."
wp_009_human,wp_009,writingprompts,human,human,0.11054245835954854,True,"It had been just another night, Jack remembered. He had a particularly good time playing Dota 2 with several friends he met recently through the game. Shutting off his computer, he stood up, tired from a long day, to perform his usual bedtime routine. Looking in the mirror while brushing his teeth, he could n't help but think about how he had been a disappointment. How he lost his only"
wp_010_human,wp_010,writingprompts,human,human,7.233235886596894e-05,True,"I do n't usually do these often so sorry if it's bad, I just really liked the promt.: ) - - - - - - - `` So you all wan na' hear about the Angels do ya'?'' The closest child to her piped up instantly. `` Yes Nana!, Uncle Naru told us to get you to tell us about them, the angels in the stars!'' As the crowd of"
wp_011_human,wp_011,writingprompts,human,human,0.04797035629576164,True,"Your message was shocking for all of us, it used any taught plane as a speaker so that every window, metal panel and strung wire had screamed it out, we noted after international communications had been restored that it came in the form of the local language everywhere, simply figuring out how that was done had been the subject of much debate for years afterwards. Now that we knew there"
wp_012_human,wp_012,writingprompts,human,human,0.032760371235522265,True,She wakes up in stages. The light in the cottage bends along the curves of her shoulders and I wonder if there could ever be anything in the world as soft as this. The door to the patio is open and spring breezes carry in the smells of a world being reclaimed. Whatever I was thinking about is long gone. She makes a how-about-coffee kind of noise while stretching out
wp_013_human,wp_013,writingprompts,human,human,0.004743295830487257,True,"This may be horrible He lay there dying my mother next to him, the doctor said that the crash would probably kill him, and my mother I loved them both, my dad motioned for me and said there is something i need to tell you I had known him my whole life, I thought that I know him, but then; He said it he told the story. I have never"
wp_014_human,wp_014,writingprompts,human,human,0.3467032934672737,True,"Initially, I did n't think much of it. It was my first night visiting my parents' home in over a year, and I was n't too familiar with the layout of the house. I figured it was my mother in the other room, probably clearing her throat as she tried to fall asleep. But when I heard it again, I remembered: *My parents are n't home yet. * They had"
wp_015_human,wp_015,writingprompts,human,human,0.008037469798418795,True,"I had about 5 seconds to get used to lying on my back and frankly I was comfortable there until the 6th second rolled around and someone kicked me in the gut. You know what that feels like? A good solid kick in the gut that wakes you right up and rearranges your priorities in a hurry starting with `` make that not happen again, please''. So I was pretty"
wp_016_human,wp_016,writingprompts,human,llm,0.9819182937636209,False,"*Crack*. A large section of an old wall came crashing down. Dust and debris flew everywhere, a beam of water sprouted from somewhere, and yelling could be heard coming from upstairs. ‘ What the hell is going on down there? Phil? PHIL? Are you okay? ’ Phil shook his head, coughed a few times, patted his limbs, checking whether they were all there, and made his way towards the stairs."
wp_017_human,wp_017,writingprompts,human,human,0.039806734033813455,True,"Dear Diary, I know its been a while but please forgive me. Earlier today when walking home from school I had a strange, no, the strangest thing that has ever happened to me happened today and I am totally freaking out. I was crossing Squash Creek on the north bridge like I do everyday after class. But this time when I approached the on ramp I noticed a small wooden"
wp_018_human,wp_018,writingprompts,human,human,0.02462558223995971,True,"I'm sitting opposite a man. Someone who I had never met before in person but who's life I have memorized in its totality. My childhood has always been rather hazy, so I feel as though I've supplemented it with pictures of happiness found in the old, meticulous diary entries of the individual before me. It is n't the first time I've done this. The only way to get someone to"
wp_019_human,wp_019,writingprompts,human,human,0.001357795580769271,True,"Genetics are such a strange thing, such a bizarre coincidence of DNA and traits. Take me for example. I have a very unique genome. Immutable, my doctor calls it. Apparently that means that even when bitten by a vampire, attacked by a werewolf, or even cursed by magic, I remain human. Stubbornly so, in fact. I'm nearly 1400 years old, yet another strange trait of my immutable genome. My cells"
wp_020_human,wp_020,writingprompts,human,human,0.11766739021265762,True,"I kicked off my gym shoes as I walked into my apartment. My entire body ached from the day. What time was it? Late enough to be pitch black outside. God, I could use a whole body massage right now. I fell into the couch and stretched out, feeling each muscle tense up, from my torso to my calves, and then relax. I breathed out audibly. Today ’ s training"
wp_021_human,wp_021,writingprompts,human,human,0.0021273689596707844,True,"`` Now we head over to the war-torn sector Y-5 solar system, where two moons of the neutral Narjinn planet were obliterated by a series of Jukoo projectiles, said to have been blown off course by solar wind. Tragedy in-'' *click-* `` -and you're going to take the tail and wrap it three fold around the rest of the body. Now here's the step everyone misses. Come in a little"
wp_022_human,wp_022,writingprompts,human,human,0.01620707539793809,True,"Now deep down in hell, where the sinners stood Somethin' bad was brewin', it was nothin' good The demon lords were squabblin', down to a man About who'd rule them all, and be the one in command! Satan started roarin', with his eyes ablaze ``'T is I who ruled the underworld, for all of my days! You other sinners better bow,'cause you ca n't compare: I'm the biggest, baddest demon"
wp_023_human,wp_023,writingprompts,human,human,0.4036418759850636,True,"Stela Malsano confounded every epidemiologist, even someone as knowledgeable as Dr. Anna Walker. Most diseases, you see, spread from an initial vector of infection. A man stumbles into a garbage heap with an open sore and picks up a dangerous bacterium which proceeds to multiply in his body, then spreads it around by coughing and vomiting. A woman orders an exotic undercooked fish at a Japanese sushi restaurant harboring pathogens"
wp_024_human,wp_024,writingprompts,human,human,0.4053730976302967,True,"The quiet squeaky steps of my front porch have seldom been kept up. I am a brick house. My interior looks like someone from the 70's plastered their retro look on me. Baige shag carpet, green and orange wallpaper, I once felt the hustle and bustle of my tenants, but something happened ten years ago that made the first tenants leave. I do n't know if it was something I"
wp_025_human,wp_025,writingprompts,human,llm,0.534220963078493,False,"To put it politely, today has been a long day. There are some other words I would add to that, but the promise of $ 200 dollars is hard to resist. Staying up all night to cram for the two hardest finals of my academic career ( so far ) was bad enough. Running into my ex-girlfriend and her new boyfriend celebrating being done with finals when I tried to"
wp_026_human,wp_026,writingprompts,human,human,0.09078419263389598,True,"**Odyssey of the Edrathi: A'Home' At Last? ** Our homeworld is long dead, and few of us remain. There were many `` flotilla fleets'' like ours, although what has become of them, who can say? Do the people of Ukrub still number in the millions at least, or are the 437,521 survivors in our fleet all that remain of our race? Even with the tetradrives to travel a lightyear in"
wp_027_human,wp_027,writingprompts,human,human,0.003556724812389763,True,"Sublieutenant G'rakh sighed as he watched the flickering screen. *Eight years at the Academy just to be stuck at this lousy post*, he thought to himself. G'rakh was one of three officers assigned to the scanning station aboard the starship *Lek'vah*. Hours were long and uneventful, especially in this dead region of space. He looked up as someone walked in the room. It was Lieutenant Salak'kor, his immediate superior. ``"
wp_028_human,wp_028,writingprompts,human,llm,0.7267047327696673,False,"Where am I? How did I get here? What is going on? Why is there so much blood in the room? I must keep quiet. I have clearly been attacked. I dont know where my attacker is, but I must get out of here before he returns. I open the door to the room I am in and look around. I see a small room behind a one way mirror."
wp_029_human,wp_029,writingprompts,human,llm,0.6833923301146135,False,"I am alone. The silence is empowering. Nothing to hear. Nobody to talk to. I can finally be alone with my thoughts. Eternity is mine, and mine alone, and in it, I am whole. I am free. Someone tried to take my eternity from me. A man. He liked to talk. He did n't want to be alone. He would talk for hours, stealing my time from me. He said"
wp_030_human,wp_030,writingprompts,human,human,0.05288032859776245,True,"He sat on the sidewalk, watching people enter and exit the door before him every few minutes. No one really paid him any attention, maybe because he and his coat were covered in dirt. But, that's the way life was when you did n't have a home. Cleanliness did n't matter as much as satiating your hunger, and there was certainly food to be had beyond this door. There did"
wp_031_human,wp_031,writingprompts,human,human,7.323323016858559e-05,True,"`` What about Thursday? We could hang out, see a movie, you could just slip in a few compliments. That's all they really add up to, anyway.'' Thor again. He's persistent, and nice enough in person, but he's like the rest of them. `` Ummm, I do n't know, man. I'm already meeting Mithras for breakfast, one of those buddhas for lunch, and I promised Jesus I'd explain the Internet"
wp_032_human,wp_032,writingprompts,human,human,0.1945155519265567,True,"`` You know, I did n't think cynicism was an emotion.'' I mention casually, skirting around the emaciated, mottled grey-black humanoid creature sitting cross-legged on my kitchen table. The, erm, Cynic ( I guess? ) pulls its curtain of greasy black hair back with one hand and gestures to the hair-tie on my wrist with his other. I toss it to him and duck behind the table to grab a"
wp_033_human,wp_033,writingprompts,human,human,0.0037687993955576754,True,"The house was a quaint house, by no means lavish or excessive. It had harboured a grand total of two families in its life, a fine accomplishment by any house's means. The first family gave the house its name, House. They were also the ones who decided House was a cheery fellow, and gave him a new appearance of vibrant yellow to match this endowed persona. His new skin was"
r2r_000_path4668_gpt-5.4-mini,r2r_000_path4668,r2r,llm,llm,0.9984953827931696,True,"I turned from the bed and slipped out through the door at its far right, letting it click shut behind me. The hallway was narrow and cool, carrying the faint smell of dust and old wood. I walked its length until it opened into a wider space, then turned left and passed the stairs, their banister gleaming softly in the dim light. Ahead, the next door on my left faced"
r2r_001_path4480_gpt-5.4-mini,r2r_001_path4480,r2r,llm,llm,0.9925910114196205,True,"I left the bedroom and crossed to the door on the far left, the one that always sticks a little in its frame. Beyond it, the house breathed colder. I moved forward and paused near the top of the stairs, one hand grazing the banister, listening to the soft creak below as if the floor were remembering someone else’s weight. When I went on, I kept straight ahead and turned"
r2r_002_path4836_gpt-5.4-mini,r2r_002_path4836,r2r,llm,llm,0.9917009047159914,True,"I left my bedroom and stepped into the hall, turning right as the house seemed to exhale around me. The corridor was dim and familiar, the kind of dark that keeps every old sound in its pockets. At the end, I reached the stairs and went down them carefully, one hand grazing the rail, until I stopped on the first landing. From there the house felt layered, as if I"
r2r_003_path6576_gpt-5.4-mini,r2r_003_path6576,r2r,llm,llm,0.9993081366570019,True,"I left the craft room with glue still sweet on my fingers and turned left into the hush of the hall. The stairs leading down yawned beside me, but I kept toward the front door, where the morning pressed pale light against the glass. I slipped into the formal living room, all careful upholstery and too-still air, then through the opening into the dining room. I stopped just before the"
r2r_004_path3806_gpt-5.4-mini,r2r_004_path3806,r2r,llm,llm,0.998607144719934,True,"I climbed the first stairwell slowly, my hand skimming the banister as if it could steady the thought I had brought with me. Near the top, I stopped two steps short, the landing still above me and the air already changed—warmer, dust-softened, carrying the faint perfume of old wood and rain-damp coats. Then I went on, coming up the remaining steps to the landing and turning left as the architecture"
r2r_005_path239_gpt-5.4-mini,r2r_005_path239,r2r,llm,llm,0.999027390578437,True,"I faced the long kitchen walkway, the counter and its bar stools lined up to my right like patient witnesses, while the large windows on the other side held the afternoon in pale squares. I moved past them, the floor cool under my steps, drawn toward the large dining table ahead as if it had been waiting all day for someone to cross the room. The kitchen smells thinned behind"
r2r_006_path6109_gpt-5.4-mini,r2r_006_path6109,r2r,llm,llm,0.9988566627412525,True,"Steam clung to my skin as I stepped out of the shower and reached for the door to the right of the sink. The bathroom was all wet tile and dim mirrors, the kind that made my own face look like a memory. I turned left, then left again at the pool table, its green felt dim under the low light, a chalky island in the middle of the room."
r2r_007_path7003_gpt-5.4-mini,r2r_007_path7003,r2r,llm,llm,0.9849617653445056,True,"I stepped out of the closet with the stale smell of cedar clinging to my sleeves and crossed the hall, keeping left of the animal pictures that watched me in their gilt frames. Their painted eyes seemed to follow as I passed the little sculpture on the table, a pale figure caught forever mid-gesture. Beyond it, the hallway opened like a held breath, and I moved into it, drawn toward"
r2r_008_path21_gpt-5.4-mini,r2r_008_path21,r2r,llm,llm,0.9548292803097518,True,"I climbed the stairs slowly, one hand skimming the wall until the banister met my palm at the landing. At the top I turned and followed the railing into the bedroom area, where the air felt dimmer, hushed by curtains and the weight of sleep. The closet stood ahead like a closed thought, and I walked toward it, hearing the soft creak of the floorboards under my shoes. Then I"
r2r_009_path6793_gpt-5.4-mini,r2r_009_path6793,r2r,llm,llm,0.9982436764812371,True,"I slid past the bed without looking at the rumpled imprint in the sheets, as if the room might accuse me if I met its eyes. At the doorway I turned hard right, the movement abrupt enough to make my shoulder brush the frame, and the bathroom opened in a wash of pale tile and steam. I stopped by the shower, where the glass held a faint fog from someone"
r2r_010_path2573_gpt-5.4-mini,r2r_010_path2573,r2r,llm,llm,0.9855173748651807,True,"I turned left and let the rope guide me as if it knew the way better than I did. At its end, I turned right, then followed it left again, skirting the quiet edge of a room that seemed arranged for absence rather than company. When I entered, I stopped just before the table in the middle, where a bowl of pale fruit sat untouched, as if waiting for a"
r2r_011_path1636_gpt-5.4-mini,r2r_011_path1636,r2r,llm,llm,0.9930649336676431,True,"I left the room and turned right into the hallway, where the air smelled faintly of dust and copier toner. The corridor ran long and narrow, its pale walls making my footsteps sound smaller than they were. I walked to the end, where the light pooled thinly around the corner, then turned left and stood at the beginning of the next hall, tucked behind the red chair as if it"
r2r_012_path745_gpt-5.4-mini,r2r_012_path745,r2r,llm,llm,0.9864511069518231,True,"I left the room with my hand still warm on the doorknob, and crossed the hall toward the table where the purple chairs stood like four patient bruises around a bowl of bruised pears. I passed them without touching anything, though the air there smelled faintly of dust and tea. The stairs waited beyond, narrow and pale, and I climbed them one careful step at a time, listening to the"
r2r_013_path6622_gpt-5.4-mini,r2r_013_path6622,r2r,llm,llm,0.9756440960284112,True,"I left the room with my shoulders already tight, as if the building had been waiting for me to decide something. The corridor stretched ahead in a pale ribbon, and I went straight until the corner opened and I turned right. Three shallow steps lifted me into a brighter level of the house. I moved right again, climbing the small set of stairs that creaked under my weight, then followed"
r2r_014_path6783_gpt-5.4-mini,r2r_014_path6783,r2r,llm,llm,0.9961160339667774,True,"I walked past the chair without touching its worn arm, then turned right as if I had decided something and could not bear to explain it. The white chair waited behind the others, pale and patient, and I stopped behind it, close enough to see the faint crack in its backrest. Beyond it, the room opened in a hush of dust and afternoon light. I passed the table next, its"
r2r_015_path152_gpt-5.4-mini,r2r_015_path152,r2r,llm,llm,0.9559883082914609,True,"I stepped into the building and let the corridor take me forward, straight as a held breath. Two doors slid by on either side, closed and silent, before I turned left into the bedroom. The room was dim with afternoon light, soft around the edges of the bed, as if it had already begun to forget the day. I moved back into the hallway and walked on, passing the wall"
r2r_016_path1804_gpt-5.4-mini,r2r_016_path1804,r2r,llm,llm,0.9387363759899364,True,"I skirted the hot tun, its steam brushing my face like a warning, and slipped through the first door beyond it. Inside the house, I turned right into the room with the bed, where the sheets were still rumpled as if someone had just risen. I moved quietly to the window and stopped beside it before the rug, watching the glass hold a pale reflection of my own shoulders. From"
r2r_017_path1254_gpt-5.4-mini,r2r_017_path1254,r2r,llm,llm,0.9947684978627066,True,"The Christmas trees ahead glowed with a patient, artificial snow, and I walked toward them as if they were keeping time for me. I turned left and slipped out the door on the left, the hall briefly swallowing the scent of pine. Through the door on the right, the house changed its mind and became quieter. A rug led me like a dark ribbon to the top of the stairs,"
r2r_018_path3976_gpt-5.4-mini,r2r_018_path3976,r2r,llm,llm,0.9993317166360254,True,"I left my room with the careful hush of someone trying not to wake a memory, turned right, and entered the bedroom where afternoon light lay across the floorboards like a thin sheet. I crossed it slowly, passing the painting of the girl with her fixed, knowing eyes. She seemed to watch me leave as if I were the one being framed. Beyond the window, the air looked bright enough"
r2r_019_path1191_gpt-5.4-mini,r2r_019_path1191,r2r,llm,llm,0.9866351510864759,True,"I stood facing the pool, its surface flat as a held breath, and turned to my right. The walkway carried me along the water’s edge until the building rose ahead and the path narrowed to its end. A gate waited there, pale and unromantic, and I passed through it, stopping just inside as if I had crossed into a quieter version of the afternoon. From there I circled the building,"
r2r_020_path6595_gpt-5.4-mini,r2r_020_path6595,r2r,llm,llm,0.9931135033679046,True,"I crossed to the far side of the dining table, where the wood held the afternoon in a dull, warm sheen. From there I drifted into the kitchen and stopped at the sink, my hands hovering over the basin as if something might rise from the drain with a message. The room smelled faintly of lemon and old coffee. I moved on to the table beside the couch and stood"
r2r_021_path3561_gpt-5.4-mini,r2r_021_path3561,r2r,llm,llm,0.9984468544478629,True,"I stepped out of the room and turned right into the great open area, where the ceiling rose like a held breath. The light there was thin and pale, spread across the floor in long, uncertain sheets. I crossed to the stairs and descended to the landing, each step giving a small hollow answer under my shoes. At the top of the landing I paused, one hand resting on the"
r2r_022_path439_gpt-5.4-mini,r2r_022_path439,r2r,llm,llm,0.9984943371180229,True,"I left the dining table behind me and skimmed along the granite countertop, its cool edge guiding my hand as I moved through the kitchen. The sink flashed under the light, a small basin of silver where a lemon peel floated like a bright thought. Beyond it, the house opened toward the patio, and I could already feel the change in air waiting outside. I crossed the tile and stopped"
r2r_023_path1827_gpt-5.4-mini,r2r_023_path1827,r2r,llm,llm,0.9869186199002272,True,"I began in the nursery, where the doll hutch stood like a little chapel of glass and painted faces. I turned left, then right, and let the room narrow into the bedroom, where the air smelled faintly of starch and sleep. There I turned left again and slipped into the bathroom, stopping in front of the sink as if I had come to answer a question I had forgotten. When"
r2r_024_path3014_gpt-5.4-mini,r2r_024_path3014,r2r,llm,llm,0.997963055162491,True,"I left the bedroom with my hand still half-curled around the cold knob, as if I might return before the room noticed. The living room opened in front of me, all soft shadows and the hush of late afternoon, and I walked straight through it without looking at the couch, without letting myself sink into the familiar dip of its cushions. The air changed as I crossed into the dining"
r2r_025_path1204_gpt-5.4-mini,r2r_025_path1204,r2r,llm,llm,0.9592718775195206,True,"I turned around and went down the hallway, my shoes whispering over the worn floor, the air cooler the farther I went from the office light behind me. At the end I turned right and found the water cooler waiting in its small alcove, its blue bottle lit like a frozen moon. I stood beside it and let the hum of the building settle around me. After a moment, I"
r2r_026_path3835_gpt-5.4-mini,r2r_026_path3835,r2r,llm,llm,0.9950703066316384,True,"I left the bathroom with the steam still clinging to my skin and stepped into the hallway, where the air was cooler and smelled faintly of dust and detergent. Two chairs waited along the wall like patient witnesses. I passed the first, then the second, and turned left just beyond it, arriving at the bedroom doorway as if I had been called there. For a moment I paused, looking into"
r2r_027_path2598_gpt-5.4-mini,r2r_027_path2598,r2r,llm,llm,0.9990143800222272,True,"I stepped straight into the kitchen, the room warm with the smell of toast and dish soap, and turned left as if I belonged there. The island stood ahead like a white ship in the middle of the floor, and I passed it on my left, skirting the edge of the woven rug that softened the tiles beneath my shoes. Beyond it, the dining table waited under a tired pendant"
r2r_028_path1620_gpt-5.4-mini,r2r_028_path1620,r2r,llm,llm,0.9831582222300653,True,"I climbed the first staircase slowly, one hand grazing the wall where the paint had been rubbed thin by years of other people’s hesitations. At the top, I turned right and followed the short hall to the first corner, where the building seemed to exhale dust and old heat. I stopped there a moment, listening to the muffled life below. Then I took the stairs again, each step familiar now,"
r2r_029_path4170_gpt-5.4-mini,r2r_029_path4170,r2r,llm,llm,0.9685939968748486,True,"I climbed the stairs to the top level, each step loosening the day from my shoulders. At the landing, I turned left into the bedroom, where the air held a faint trace of lavender and old sunlight. I crossed to the walk-in closet and slipped inside, letting the door hush the room behind me. From there, I made my way up the steps again, the second flight steeper, narrower, as"
r2r_030_path561_gpt-5.4-mini,r2r_030_path561,r2r,llm,llm,0.9962833637859774,True,"I turned around and let the hallway take me back, my shoes whispering over the worn runner. The first doorway on the right opened into a bathroom lit by a pale bulb, all tile and echo. I stepped just inside and paused, the air cool and faintly medicinal, the mirror ahead holding a version of me that looked as if it had arrived too late. Then I moved on, with"
r2r_031_path2854_gpt-5.4-mini,r2r_031_path2854,r2r,llm,llm,0.9967520269558108,True,"I left the bedroom with the sheet still warm against my back and crossed the living room in a slow, bare-footed drift. At the far end, the double doors stood open like a held breath. I passed through and stopped in the doorway beside the elephant picture, its painted eye calm and ancient, as if it knew I had come looking for something I could not name. From there I"
r2r_032_path5822_gpt-5.4-mini,r2r_032_path5822,r2r,llm,llm,0.9984891041455243,True,"I left the dining room with the evening still clinging to the table, its polished surface holding the ghost of our plates and the soft scallop of chair backs. I passed them without touching anything, then turned slightly left, as if following a thought I didn’t fully trust, and went straight into the kitchen. The room changed around me: warmer, narrower, alive with the low hum of the refrigerator and"
r2r_033_path839_gpt-5.4-mini,r2r_033_path839,r2r,llm,llm,0.9912372103073308,True,"I left the bathroom with the steam still clinging to my skin and turned right through the bedroom into the office. The room held its usual hush: the thin hum of the computer, the tired light on the wall, the desk nearest the trash bin tucked into its corner like an afterthought. I stopped there, facing the bin, as if something in it might answer me. Then I turned left"
r2r_034_path3232_gpt-5.4-mini,r2r_034_path3232,r2r,llm,llm,0.9921468502918408,True,"I left the corridor straight ahead, my shoes whispering over the polished floor, then turned right and found the stairwell breathing cool air up at me. I went down twelve steps, counting under my breath as the walls narrowed and the building seemed to hold itself together around my shoulders. At the bottom of the twelfth step, I stopped. I turned around, feeling the small dizziness of reversing my own"
r2r_035_path6162_gpt-5.4-mini,r2r_035_path6162,r2r,llm,llm,0.9996246558344908,True,"I left the bedroom with the sheets still warm behind me and crossed the hall without looking into the bathroom, though its door stood open like a held breath. At the turn, I went left and found the stairs waiting in their narrow dark. My hand skimmed the rail as I descended, each step giving a small, obedient sigh. Halfway down, the house seemed to gather itself around me—the muffled"
r2r_036_path1080_gpt-5.4-mini,r2r_036_path1080,r2r,llm,llm,0.974750923441629,True,"At the top of the stairs, I turned right and crossed the entryway, where the air still held the chill of the front door’s draft. I made a left into the hall and let my footsteps soften against the runner. The house seemed to be holding its breath. At the end, I reached the room and waited there, my hand resting on the frame, listening to the low murmur of"
r2r_037_path5773_gpt-5.4-mini,r2r_037_path5773,r2r,llm,llm,0.9989535187863051,True,"I slipped into the dining room by the edge of the table, keeping the chairs on my right as if they were guests I didn’t quite trust. The wood smelled faintly of polish and old meals, and I paused beside the dining table and chairs, letting the quiet settle around me. Then I moved straight through the room opposite the staircase, passing the table on my right. The house seemed"
r2r_038_path1842_gpt-5.4-mini,r2r_038_path1842,r2r,llm,llm,0.9980820473535954,True,"I came in from the backyard with damp air clinging to my sleeves and turned left at once, following the hush of the house toward the stove. The kitchen held the faint warmth of something long finished, and I passed it without pausing, stepping out into the living area where the black table sat like a polished shadow and the light gray couches waited with their tidy, unreadable cushions. Curtains"
r2r_039_path4778_gpt-5.4-mini,r2r_039_path4778,r2r,llm,llm,0.9936035747785354,True,"I turned right into the hallway and let my hand skim the wall as I walked, the carpet muffling my steps. The living room opened ahead of me, warm with lamplight and the faint smell of dust and old wood. I passed the front doors, their glass panes reflecting my shape in fragments, and stopped at the first set of stairs, where the banister rose beside me like a quiet"
r2r_040_path3850_gpt-5.4-mini,r2r_040_path3850,r2r,llm,llm,0.9953320116915882,True,"I left the bedroom with the kind of care one gives a room that has heard too much. The hall opened before me, long and dim, and I went into it, my footsteps soft on the floorboards. At the far end, the steps rose like a small dare. I climbed them slowly and stopped by the piano, letting the silence settle around its black curve. It stood there with its"
r2r_041_path7078_gpt-5.4-mini,r2r_041_path7078,r2r,llm,llm,0.9956405306516117,True,"I started forward, keeping the stair well on my left and the sitting area with the television on my right, as if the room itself were asking me to choose a narrow, careful path. The column ahead caught the light, and when I reached it I turned a sharp forty-five degrees, angling toward the table tucked into the corner. The space there felt quieter than the rest of the building,"
r2r_042_path6642_gpt-5.4-mini,r2r_042_path6642,r2r,llm,llm,0.9994236236358193,True,"I moved down the hallway with the ottoman on my left, its velvet skin dim in the amber light, and the place felt like it was holding its breath. Ahead, the pool table sat like a green island in the middle of the corridor, the chalky scent of felt and wood rising as I passed it. Straight in front of it, the doorway waited, and I went through without slowing,"
r2r_043_path852_gpt-5.4-mini,r2r_043_path852,r2r,llm,llm,0.9909219824145875,True,"I turned right and slipped into the bedroom, where the air held the stale sweetness of dust and detergent. I went straight past the rumpled bed, then took the left that carried me out of the room and back into the narrow hush of the house. A few paces more and I stopped opposite the mirror. My reflection waited there, pale and patient, as if it had been expecting me"
r2r_044_path31_gpt-5.4-mini,r2r_044_path31,r2r,llm,llm,0.9975202865291187,True,"I left the bedroom with my hand still warm from the doorknob and took the stairs down two at a time, the house opening around me in its familiar creaks. At the bottom, I kept straight, the television blinking to my right with a blue, sleepless glow, and I stopped at the door as if I had been expected there. Then I turned left and went down the stairway that"
r2r_045_path549_gpt-5.4-mini,r2r_045_path549,r2r,llm,llm,0.9306131226334499,True,"I left the kitchen with the last warmth of the stove still clinging to my sleeves and walked forward until the wall beside the doorway pressed close at my shoulder. I turned, facing the opening, and the room behind me narrowed into a square of yellow light. Through the doorway, the house seemed to breathe colder. I went through and headed toward the stairs, the wood answering under my shoes"
r2r_046_path5429_gpt-5.4-mini,r2r_046_path5429,r2r,llm,llm,0.9890514704577701,True,"I kept my hand on the rail and went down the stairs until the landing opened beneath me. I turned left and crossed through the entrance ahead, into the bedroom where the air held the faint, washed-out scent of linen. The bed sat still as a thought, the lounge chairs angled toward it like patient listeners. I passed them without touching anything and started down the stairs ahead, the carpet"
r2r_047_path5529_gpt-5.4-mini,r2r_047_path5529,r2r,llm,llm,0.863981829149394,True,"I left the bathroom with the smell of soap still clinging to my sleeves and walked straight through the first arched entryway, the curve of it cool and faintly echoing behind me. The hallway opened with its usual hush. On the right wall, the mirror caught me in passing—one quick, uncertain version of myself—so I turned left before I could linger. Ahead, the corridor seemed to lengthen with every step,"
r2r_048_path3210_gpt-5.4-mini,r2r_048_path3210,r2r,llm,llm,0.984052753085939,True,"I slipped out of the closet with my coat still smelling faintly of cedar and dust, then turned through the doorway on my left. The bedroom opened around me in a hush of pale walls and rumpled linen. I crossed it slowly, as if the floor might remember my feet, and angled toward the double doors on my right. Beyond them, the hallway bent away to my right, a narrow"
r2r_049_path4198_gpt-5.4-mini,r2r_049_path4198,r2r,llm,llm,0.9932152728646876,True,"I turned around and threaded myself through the purple chairs, their plastic arms brushing my coat like cool, indifferent fingers. On the far side, I turned left and stopped beside the box, a plain cardboard thing tucked against the wall as if it had been left there by someone who meant to return and never did. After a moment, I walked straight ahead, passing the purple chairs again, their backs"
r2r_050_path5316_gpt-5.4-mini,r2r_050_path5316,r2r,llm,llm,0.9922323874580381,True,"I walked straight down the hallway, where the carpet dulled my footsteps and the air smelled faintly of bleach and warmed linen. At the turn, I went left and paused near the beds, their blankets tucked tight, their stillness so complete it felt borrowed from sleep. A television murmured somewhere behind a closed door, but here there was only the soft rise and fall of fluorescent light, the kind that"
r2r_051_path6476_gpt-5.4-mini,r2r_051_path6476,r2r,llm,llm,0.9988171064923578,True,"I left the wood-floored room with its quiet boards holding the last of my footsteps behind me, turned left into the hall, and slipped into the next room on my right. I kept moving forward until the smell of onions and dish soap drew me left into the kitchen. I crossed it slowly, passing the stove, the humming refrigerator, the narrow stretch of counter, until I reached the far side"
r2r_052_path2125_gpt-5.4-mini,r2r_052_path2125,r2r,llm,llm,0.998957573785548,True,"I slipped behind the sofa, where the air smelled faintly of dust and spilled gin, and headed toward the bar. The room opened in low amber light, the polished wood catching it like old honey. I turned left, angling toward the pool table, its green felt dim and expectant, and stopped beside the round grey chair. Its fabric was cool and worn under my fingertips, as if it had been"
r2r_053_path7252_gpt-5.4-mini,r2r_053_path7252,r2r,llm,llm,0.9995610140968789,True,"The red carpet swallowed my footsteps as I followed the hallway, the two fire extinguishers standing guard on my left like bright, silent sentries. Three white stairs lifted me into a dimmer landing, and then I took the staircase to the right, my hand grazing the rail until I reached the bottom of the next staircase and paused, listening. I turned right and pushed through the double doors into a"
r2r_054_path2472_gpt-5.4-mini,r2r_054_path2472,r2r,llm,llm,0.9995327505493627,True,"I moved down the hallway with my hand brushing the wall, the house holding its breath around me. The stairs loomed on my right, a dark cut in the grain of the floor, and I kept going until the doorway opened there as if it had been waiting. I stepped inside and stopped at once, one foot still carrying the corridor’s cold. The room smelled faintly of dust and old"
r2r_055_path2600_gpt-5.4-mini,r2r_055_path2600,r2r,llm,llm,0.9792726346006587,True,"I left the room by turning left, then right, as if the house were correcting my hesitation. At the small rug on the floor, I turned left and stepped outside into the sharper air, where I waited beside the black rug like someone expecting a message that had already been delayed too long. When I moved again, I angled slightly left and went down the hallway, letting its narrowness gather"
r2r_056_path4012_gpt-5.4-mini,r2r_056_path4012,r2r,llm,llm,0.9840937668684979,True,"I walked straight down the hallway until the room opened up above me, all that height gathering my footsteps into something smaller. I turned right and found the couch and the fireplace facing me like two patient witnesses. Between them, the air smelled faintly of dust and old smoke. I slipped through the narrow space, the ficus brushing my shoulder as I passed, its leaves glossy in the thin indoor"
r2r_057_path6147_gpt-5.4-mini,r2r_057_path6147,r2r,llm,llm,0.9897194820389866,True,"I came in through the glass doors, the afternoon light breaking on my shoulders as if I’d stepped through water. Inside, the hallway opened ahead of me, and I kept straight, passing the two chairs set neatly against the wall, their empty seats catching a pale shine. I did not touch them. I only let my hand skim the air beside their backs as I moved on, drawn toward the"
r2r_058_path3023_gpt-5.4-mini,r2r_058_path3023,r2r,llm,llm,0.9937192185881277,True,"I stepped out of the bedroom door and turned right into the hall, where the carpet held the day’s last warmth. At the far end I turned right again into the bedroom with the twin beds, their blankets pulled tight as if someone had left in a hurry. I turned left and stood before the bathroom, listening to the small, private hush behind its closed door. When I left, the"
r2r_059_path4808_gpt-5.4-mini,r2r_059_path4808,r2r,llm,llm,0.9726888837444199,True,"I came in through the door with the Welcome mat, carrying the cold on my sleeves, and the house took it from me at once. The stairs rose on the left, narrow and familiar in the way dreams are familiar. When the staircase split, I chose the left-hand rise and climbed the first set of steps, my hand grazing the banister until I reached the window. I waited there a"
r2r_060_path1248_gpt-5.4-mini,r2r_060_path1248,r2r,llm,llm,0.9971519676582025,True,"I moved down the walkway with my hand brushing the cold rail, the house breathing around me in its quiet, timbered way. The second door on the right stood slightly proud of the others, and I went through it into a bedroom that smelled faintly of dust and lavender. A chair waited in the corner like someone had just stood up from it, and I paused beside it, listening to"
r2r_061_path2886_gpt-5.4-mini,r2r_061_path2886,r2r,llm,llm,0.991588403405939,True,"I pushed through the door and crossed the exercise area, where the air smelled of rubber mats and old effort, then slipped out through the far door into the hallway. I stood there waiting, listening to the building breathe around me, the hush broken now and then by a thud of weights or a burst of laughter from somewhere deeper inside. When the moment came, I left the room, turned"
r2r_062_path6012_gpt-5.4-mini,r2r_062_path6012,r2r,llm,llm,0.9841413299474022,True,"I pushed open the closet door and stepped through the bathroom, where the mirror held only a pale blur of my face. Turning left, I followed the hallway past the fireplace, its cold stone smelling faintly of ash and rain. At the bend, I turned right, passed the cluster of plants leaning toward the window, and stopped beside the chair, as if it had been waiting for me to sit"
r2r_063_path3045_gpt-5.4-mini,r2r_063_path3045,r2r,llm,llm,0.9968339527051949,True,"I turned right and walked along the windows, their glass holding the pale afternoon like water in a bowl. At the far end, the door waited on the right, its brass knob cool under my hand. I stepped through into the hallway, where the air changed at once—less light, more hush. Turning left, I entered the bathroom and stopped in front of the bathtub, white enamel catching a dim shine."
r2r_064_path6372_gpt-5.4-mini,r2r_064_path6372,r2r,llm,llm,0.9997182268315545,True,"I started down the hallway, keeping my shoulder close to the right wall as I passed the three paintings on my left, each one watching me with its own mute weather. The thermostat sat halfway along on the right, a small white face with no opinion at all. I walked on until the hallway opened and I stepped through the door into a room where a picture of the French"
r2r_065_path5465_gpt-5.4-mini,r2r_065_path5465,r2r,llm,llm,0.9994327172276753,True,"I left the kitchen with my hands still smelling faintly of onions and soap, and crossed into the sitting area where the two sofas faced each other like old confidants. I stood between them and waited, letting the hush settle over me. The room held its breath; the lamp on the side table made a warm island in the dimness, and somewhere in the walls the pipes clicked softly, as"
r2r_066_path4107_gpt-5.4-mini,r2r_066_path4107,r2r,llm,llm,0.9883099318744298,True,"I slipped through the iron fence and into the house, the front door breathing warm air behind me. Inside, I turned left and passed a wooden dresser polished to a dull shine, its drawer knobs catching the light like small, tired moons. The hallway opened ahead, long and narrow, with wooden cabinets lining one side like patient witnesses. I moved past them, my steps soft on the floorboards, until the"
r2r_067_path3592_gpt-5.4-mini,r2r_067_path3592,r2r,llm,llm,0.9977742654746925,True,"I turned left and let the hallway take me, my shoes whispering over the linoleum. The building was quiet in that held-breath way offices get after everyone has gone home, as if the walls were listening for the last name called and had forgotten how to answer. I kept walking until the red exit sign glowed above me, and I stood beneath it, feeling its steady light on my hair"
r2r_068_path6679_gpt-5.4-mini,r2r_068_path6679,r2r,llm,llm,0.9945747501089149,True,"The glass wall on my left held my reflection in pale fragments, and another pane waited ahead like a promise I wasn’t ready to keep. I walked forward, turned right into the hallway, and let my footsteps settle into the building’s hush. Three doors passed on my right, each one closed with a different kind of silence. Then a door on my left, its brass handle catching a thin blade"
r2r_069_path6604_gpt-5.4-mini,r2r_069_path6604,r2r,llm,llm,0.988124677255131,True,"I eased through the door and turned left, letting the house close around me with its soft, familiar hush. The hallway stretched ahead like a held breath. At the end of it, I passed into the living room and stopped just inside, where the light seemed to gather and linger on the edges of the furniture. After a moment, I moved forward again and turned left, following the hallway as"
r2r_070_path3659_gpt-5.4-mini,r2r_070_path3659,r2r,llm,llm,0.999934571539918,True,"I stepped out onto the patio and let the evening air settle on my skin as I walked its length, the flagstones warm beneath my shoes. At the far end, I took my place behind the table and stood there for a moment, as if waiting for someone to arrive with a story I had already heard in a dream. Then I moved on, straight ahead, passing the couches where"
r2r_071_path4191_gpt-5.4-mini,r2r_071_path4191,r2r,llm,llm,0.9850284393032746,True,"I climbed the stairs two at a time, my hand skimming the rail, and turned left into the narrow hall. A doorway opened on my right, and I slipped through it, then angled right again, past the chair with its crooked cushion, and into the thin corridor between chair and sofa. The outside door stood ahead like a held breath. I pushed it open and stepped into the cold light"
r2r_072_path6554_gpt-5.4-mini,r2r_072_path6554,r2r,llm,llm,0.9913304118376152,True,"I walked left down the hall, letting the fluorescent hush settle over me like dust. The corridor narrowed toward the end, where I turned right and passed the small refrigerator humming in its lonely corner. Its pale door reflected a blur of my face as I moved on, the air cooler there, the hallway smelling faintly of coffee and old paper. I stopped just outside the door, listening for a"
r2r_073_path2593_gpt-5.4-mini,r2r_073_path2593,r2r,llm,llm,0.9973584999730489,True,"I left the room with the blue walls as if stepping out of a held breath and entered the main room, where everything seemed larger than it needed to be. The colorful stairs rose ahead like a ribbon someone had dropped in a hurry. I climbed until I was about five steps up and paused there, balanced between the hum of the lower floor and the quiet waiting above. From"
r2r_074_path103_gpt-5.4-mini,r2r_074_path103,r2r,llm,llm,0.9950616147406023,True,"I turned back and climbed the stairs, each step creaking under my weight, and the air changed as I reached the kitchen. It smelled faintly of coffee and old toast, a domestic scent that made the house feel briefly awake. I turned right and passed the table, its surface crowded with a bowl, a folded newspaper, and the ghostly ring of some forgotten mug. From there I veered right again,"
r2r_075_path6875_gpt-5.4-mini,r2r_075_path6875,r2r,llm,llm,0.9838985662801785,True,"I eased out of the closet and turned right, the room opening in a hush of pale morning. The door ahead stood half-ajar, and I slipped through it, then drifted left into the corridor where the air smelled faintly of dust and laundry soap. I kept to that side, my hand brushing the wall as I went, until the passage narrowed and ended in a quiet blankness. There was nowhere"
r2r_076_path4245_gpt-5.4-mini,r2r_076_path4245,r2r,llm,llm,0.9683017650551459,True,"The house still wore its bones in the first room, bare walls wrapped in insulation that whispered when I brushed past. Ahead, a window glowed in the next room, pale as a held breath. I crossed the unfinished space and went through the far door into a finished hallway, where the air changed at once—cooler, quieter, carrying the faint polish of wood. The first open door on the hall stood"
r2r_077_path7257_gpt-5.4-mini,r2r_077_path7257,r2r,llm,llm,0.9982726894884262,True,"I climbed out of the tub with my skin still shining from the steam, and the room felt oddly ceremonial, as if I had stepped from one life into another. I passed the foot of the bed where the blanket had fallen in a soft, unmade spill, and stopped in the doorway to my left. From there I could see the bedroom holding its breath: the lamp on the dresser,"
r2r_078_path2762_gpt-5.4-mini,r2r_078_path2762,r2r,llm,llm,0.9986721892861706,True,"I stepped through the doorway and turned left, the hush of the place settling over me like a hand. The marble counter waited ahead, pale and cool, its polished surface catching a thin wash of light from somewhere behind me. I stopped in front of it and let my fingers hover above the stone, as if the slightest touch might wake the room. Then I moved on, crossing through another"
r2r_079_path3229_gpt-5.4-mini,r2r_079_path3229,r2r,llm,llm,0.9823706043637827,True,"I slipped past the glass desk, its surface catching the ceiling lights in a pale, wavering stripe, and left the room behind me. The hallway opened with its familiar hush. I turned left, letting my shoulder brush the cool wall as I walked toward the staircase. At the bottom landing, I stopped in the middle, where the carpet changed texture under my shoes and the stairwell seemed to breathe upward"
wp_000_gpt-5.4-mini,wp_000,writingprompts,llm,llm,0.9611562767018624,True,"I keep my back to the pharmacy wall and edge sideways toward the exit, one palm skimming the cold glass of the refrigerated case as if it might steady me. Outside, the mall corridor hums with a strange new sweetness—too many laughing voices, too many couples moving in synchronized little drifts, shoulders touching, hands linked, faces bright with the same softened, hungry look. They don’t lurch like the old movies."
wp_001_gpt-5.4-mini,wp_001,writingprompts,llm,llm,0.6673269209912249,True,"I had spent twelve years learning the Emperor’s corridors by the sound of my own footsteps. Marble in the west hall, hollow bronze near the council chamber, the soft drag of carpets in the private wing where only the trusted were allowed to walk. By then I was trusted more than anyone. His right hand. His shadow. The man who stood half a pace behind him while he signed death"
wp_002_gpt-5.4-mini,wp_002,writingprompts,llm,llm,0.7788102998799089,True,"I was six the first time the floor became lava. It started in the hallway outside my grandmother’s apartment, where the linoleum gleamed like a warning. My cousin Mara pointed at the carpet runner and declared it safe ground, then leapt onto the couch with the solemnity of a queen crossing a battlefield. I followed, knees skidding on upholstery, while the tiles below us became a sea of fire so"
wp_003_gpt-5.4-mini,wp_003,writingprompts,llm,llm,0.9351326366278064,True,"The elevator smelled like bleach and old rain. I held the pizza box against my chest as it climbed, listening to the thin buzz of the fluorescent lights above me and the soft rattle in the walls. When the doors opened, the ward stretched out in a long beige corridor, all polished floor and locked doors with narrow windows. A woman in scrubs signed the receipt without looking at me."
wp_004_gpt-5.4-mini,wp_004,writingprompts,llm,llm,0.795179122836287,True,"I had not stood upright in twenty-three hours when the knock came. My apartment was a cave of equations, paper taped over the windows, chalk dust in the seams of the floorboards, empty coffee cups lining the hallway like white teeth. I pushed back from the desk so hard the chair struck the sink, and I nearly laughed at the sound. A real sound. Not the whisper of numbers turning"
wp_005_gpt-5.4-mini,wp_005,writingprompts,llm,llm,0.7361947832257055,True,"I was halfway through kicking off my shoes when the note scraped across the floorboards. It slid from under the closet door, not my room door, thin white paper whispering over the wood. I froze with one sock still on, staring at the narrow gap beneath the closet. Then I crouched, knees cracking, and picked it up. For a second I thought it was a prank. The envelope was folded"
wp_006_gpt-5.4-mini,wp_006,writingprompts,llm,llm,0.9397500241824225,True,"I came to myself standing in a room so small I could have touched both walls without stretching. The air smelled like dust and old plastic. In the middle sat a narrow table, a computer terminal glowing weakly in the dark, and a stool that looked designed to punish whoever trusted it. The screen blinked. nº 47525961285641377 “I wish I could be less fat.” Allow? [y/N] I stared until the"
wp_007_gpt-5.4-mini,wp_007,writingprompts,llm,llm,0.9247353861062384,True,"The guard’s hand stayed on my elbow as he led me through the iron door and into the execution room. I had imagined cold stone, a chair, wires, the smell of bleach and fear. Instead, the room was bright enough to hurt. White tiles. A table. Two chairs. A flag in the corner that looked as if it had been ironed that morning. My knees nearly gave out when the"
wp_008_gpt-5.4-mini,wp_008,writingprompts,llm,llm,0.9704106739970274,True,"I hit the lobby doors with my shoulder and they burst inward, glass sighing across the marble. The tower was already leaning. Not visibly, not yet, but I could feel it in the soles of my boots—the tiny, sickening give of a building that has decided to die. Alarms wailed above me. Sprinklers spat cold rain onto the polished floor. I ran through the atrium, past the fountain where the"
wp_009_gpt-5.4-mini,wp_009,writingprompts,llm,llm,0.9965346998720858,True,"I was halfway down the hall, bare feet whispering over the cool wood, when I noticed how the house had folded itself around the dark. The bedroom waited behind me, warm with the lamp I’d just clicked off, and ahead of me the front door sat at the end of the corridor like a blank face. The only light came through its peephole, a tiny amber coin trembling on the"
wp_010_gpt-5.4-mini,wp_010,writingprompts,llm,llm,0.948271409421163,True,"I hated the old stories until the corridor lights started flickering behind my eyes. We were three days into a blind jump, the kind my grandmother used to call “a polite crossing,” and I was walking the narrow service passage between the reactor spine and the cargo decks to check a stuck relay. The ship hummed under my boots, a deep, steady vibration that usually settled my thoughts. This time"
wp_011_gpt-5.4-mini,wp_011,writingprompts,llm,llm,0.7480150849314195,True,"I was in the observation ring when the ship crossed Pluto’s orbit, one hand braced against the cool rail as the stars outside thinned into black glass. The deck gave a small, satisfied shudder—our last tether to the solar system loosening—and then the whole corridor lurched hard enough to throw me into the wall. Lights strobed red. Somewhere aft, metal screamed. I pushed off the bulkhead and ran, shoulders clipped"
wp_012_gpt-5.4-mini,wp_012,writingprompts,llm,llm,0.8627905593987648,True,"I stepped onto the back stoop with my lighter and a half-crushed pack, the kitchen light still warm behind me. The air was cold enough to sting my lungs, and I cupped the cigarette as I leaned against the railing, waiting for the flame to catch. Across the parking lot, the apartment windows were all lit in their separate little squares, ordinary and sleepy. Then I looked past them. On"
wp_013_gpt-5.4-mini,wp_013,writingprompts,llm,llm,0.7435650086640759,True,"I was halfway down the hallway when the chat room notification lit my phone again: **[ CONTEST ] Flash Prompt in the chat room today ! A $ 20 cash prize will be awarded !** The apartment was too quiet for a weekday afternoon, just the refrigerator humming in the kitchen and the old floorboards giving under my socks. I slowed at the doorway and looked back at my desk,"
wp_014_gpt-5.4-mini,wp_014,writingprompts,llm,llm,0.9955742956641441,True,"I had one leg tucked under me on the couch, laptop balanced on my knees, the blue glow of the screen washing the living room in a cold, private light. Rain ticked softly at the windows. I was half-reading an article I didn’t care about, clicking through tabs without seeing them, when I heard it. A cough. It came from the room beside the living room, the spare bedroom with"
wp_015_gpt-5.4-mini,wp_015,writingprompts,llm,llm,0.9459362199517335,True,"I woke to the smell of dust and lemon polish, my cheek pressed against a hard floor that wasn’t mine. When I pushed up, the room tilted: white walls, a single fluorescent strip buzzing overhead, three doors, no windows. My own breath sounded too loud. “Finally,” said a woman in my body’s shape, but taller, with a scar cutting through one eyebrow. She was sitting cross-legged on the narrow bed,"
wp_016_gpt-5.4-mini,wp_016,writingprompts,llm,llm,0.9147049799850483,True,"By the time we broke through the last layer of drywall, the basement air had gone cold enough to fog my breath. I was kneeling in the trench with a pry bar in one hand, dust in my teeth, when the shovel hit something that rang like a bell. At first I thought it was a pipe. Then the foreman shone his light down and the beam slid over a"
wp_017_gpt-5.4-mini,wp_017,writingprompts,llm,llm,0.8478739853192618,True,"The bridge shuddered under my shoes, a narrow iron span over the black river, and the wind pushed cold through the latticework like breath through teeth. I had just reached the midpoint when something rose from the shadow beneath the arch: a squat man with moss in his beard and a coat of river mud drying on his shoulders. He planted a hand on the rail. “Halt,” he said, voice"
wp_018_gpt-5.4-mini,wp_018,writingprompts,llm,llm,0.947633951455452,True,"I found him in the back of a laundromat, folded into a plastic chair beside a humming dryer. The room smelled of bleach, hot lint, and old coins. My shoes stuck faintly to the tiled floor as I crossed to him, the only sound the thrum of machines and the wet slap of a leaking pipe. He looked up when I stopped in front of him. No fear. Just exhaustion."
wp_019_gpt-5.4-mini,wp_019,writingprompts,llm,llm,0.9756547456752975,True,"I learned the library’s new residents by the sounds they made. The dryads whispered in the stacks, their bark-skin brushing spines as they climbed the ladders with careful, root-strong hands. A pair of lantern-eyed wraiths drifted between the reading tables, never touching the floor, never disturbing the dust. Even the gargoyle on the front steps had taken to blinking when I passed, as if to say I was late again."
wp_020_gpt-5.4-mini,wp_020,writingprompts,llm,llm,0.9837370825391989,True,"The doorbell rang while I was barefoot in the kitchen, one hand buried in a sink full of dishes, the other balancing a mug I had forgotten to drink from. I wiped my palm on my jeans and crossed the narrow hall, the floorboards complaining under each step. Through the frosted glass, a shape waited on the porch, too still to be a delivery person, too small to be trouble."
wp_021_gpt-5.4-mini,wp_021,writingprompts,llm,llm,0.7976174744040224,True,"I learned the truth by accident, by putting my shoulder to a door that was never meant to open. The service corridor behind the observatory had no windows, only pipes sweating cold and a floor that sloped subtly downward, as if the building itself wanted to slide into the hill. I followed the maintenance map with my flashlight held low, stepping over a seam in the concrete where years of"
wp_022_gpt-5.4-mini,wp_022,writingprompts,llm,llm,0.9097226180232,True,"I had expected fire, or at least a cathedral of screaming. Instead, the Throne Room was a long, polished chamber of black stone and brass, all angles and reflections, as if Hell had been designed by someone with a ruler and a grudge. Lucifer stood first at the dais, wings folded tight to make himself seem taller. Beelzebub circled the room with a lazy, buzzing patience, his robe whispering over"
wp_023_gpt-5.4-mini,wp_023,writingprompts,llm,llm,0.9796790254663158,True,"I was the only one still walking the hospital corridor without a mask fogging my face from the inside. The others moved like ghosts in their gowns, shoulders bent, eyes glassy, all of them coughing into sleeves or pressing damp foreheads to the cool tile walls. The fluorescent lights hummed above us, too bright for the hour, and the whole building smelled of bleach and stale breath. I kept one"
wp_024_gpt-5.4-mini,wp_024,writingprompts,llm,llm,0.8708441390593582,True,"I feel them before I hear them: the hard rhythm of boots on my front steps, the clipped voices, the metal click of a safety being checked. They come in a line of white light, their flashlights combing my porch like fingers searching a pulse. I draw my doors inward and let them push through. The first officer crosses my threshold and my hallway answers with a long, shivering groan."
wp_025_gpt-5.4-mini,wp_025,writingprompts,llm,llm,0.9584456538826461,True,"I opened my apartment door expecting the hallway light and the usual silence. Instead, a dozen voices hit me at once. “Happy Birthday, Timothy!” Confetti burst over my head. Someone thrust a paper crown toward me. I froze on the threshold, one hand still on the knob, the other lifting automatically to shield my eyes. The little landing outside my door was crowded shoulder to shoulder with strangers in sweaters"
wp_026_gpt-5.4-mini,wp_026,writingprompts,llm,llm,0.9657490113056516,True,"I keep my shoulder tucked as I pass under the cracked archway, because the stone still sheds grit whenever the wind finds a seam. The hallway beyond used to be a museum corridor, polished and bright, but now our blankets hang in the frames where paintings once did, and the air smells of damp plaster, kerosene, and boiled rice. I set the dented kettle on the communal stove and listen"
wp_027_gpt-5.4-mini,wp_027,writingprompts,llm,llm,0.9503447810882599,True,"I learned the building by touch before I learned its name. My feet found the smooth strip in the floor that guided me from the sleeping alcove to the great room, and my fingers traced the wall where the paint had peeled like old bark. The air still held the dry, dustless smell of sealed rooms. Somewhere above me, vents sighed with a breath no lungs had used in centuries."
wp_028_gpt-5.4-mini,wp_028,writingprompts,llm,llm,0.9370131539648406,True,"I woke with my cheek pressed to cold tile and the taste of rust in my mouth. For a moment I thought I was in a bathroom, but when I pushed myself up, my hand slid in a thin tacky smear that made my stomach turn. The room was too clean to be a bathroom and too deliberate to be anything else. White cabinets. Stainless counters. A row of knives"
wp_029_gpt-5.4-mini,wp_029,writingprompts,llm,llm,0.9387358746468414,True,"I learned the building by touch before I learned it by grief. At first there had been two of us, moving through the old train station like ghosts with errands. We slept under the ticket boards, boiled water on a camping stove in the waiting room, and took turns listening to the silence outside the shattered windows. Then Mara stopped answering me. I found her in the baggage hall, one"
wp_030_gpt-5.4-mini,wp_030,writingprompts,llm,llm,0.9965324605796043,True,"I caught the door with my shoulder just before it latched, and the impact rang through the narrow hall like a bell. Behind me, the room I’d come from was already dimming, the edges of the walls softening as if someone were erasing them with a thumb. Ahead, the corridor stretched in a clean white line to the far end, where another door waited under a buzzing light. The voice"
wp_031_gpt-5.4-mini,wp_031,writingprompts,llm,llm,0.7152336245749579,True,"The ship left at dawn, a silver bruise in the sky, and by noon the streets were empty enough for the wind to move through them like a stray animal. I walked from the apartment block to the old civic square with my backpack bumping my spine, because there was nowhere else to go and no one left to tell me not to. The gods came to me in the"
wp_032_gpt-5.4-mini,wp_032,writingprompts,llm,llm,0.9837464739107203,True,"I heard the first one before I saw it: a wet, frantic skittering under the table, like a chair leg dragged over tile. I froze with my hand on the kettle. Then my anger came trotting out from behind the bread box. It was the size of a terrier, all bristling black fur and hard yellow eyes, with steam puffing from its nostrils every time it snapped at the air."
wp_033_gpt-5.4-mini,wp_033,writingprompts,llm,llm,0.9939054059316051,True,"I learned the story of this house with my feet before I ever learned it from my mother. The floorboards in the hall bowed slightly under my weight, and each board answered with a different complaint, as if the house were speaking in a language of creaks. I used to run from the kitchen to the back room and count the sounds: one under the runner, two near the stairs,"
